{
    "ver": "0x3001d",
    "ttid": "0x0100000000000369",
    "tcid": 1,
    "subtcid": 0,
    "imageCount": 1,
    "templateSize": {
        "width": 720,
        "height": 1280
    },
    "targetSize": {
        "width": 720,
        "height": 1280
    },
    "scene": "",
    "langList": [
        {
            "id": "0409",
            "title": "情人节"
        },
        {
            "id": "0004",
            "title": "情人节"
        }
    ],
    "supportList": {
        "list": []
    }
}